state,positive,positiveScore,negativeScore,negativeRegularScore,commercialScore,grade,score,negative,pending,hospitalizedCurrently,hospitalizedCumulative,inIcuCurrently,inIcuCumulative,onVentilatorCurrently,onVentilatorCumulative,recovered,lastUpdateEt,checkTimeEt,death,hospitalized,total,totalTestResults,posNeg,fips,dateModified,dateChecked,notes,hash
AK,285,1,1,1,1,A,4,8063,,,32,,,,,98,4/14 14:15,4/14 15:08,9,32,8348,8348,8348,02,2020-04-14T18:15:00Z,2020-04-14T19:08:00Z,"Please stop using the ""total"" field. Use ""totalTestResults"" instead.",6164f73886cfabe73c7c9fad56709e2b57f5c334
AL,3970,1,1,0,1,B,3,29865,,,525,,210,,132,,4/15 00:00,4/15 09:55,115,525,33835,33835,33835,01,2020-04-15T04:00:00Z,2020-04-15T13:55:00Z,"Please stop using the ""total"" field. Use ""totalTestResults"" instead.",2dab6de145d16f938695f242e03776d082599021
AR,1480,1,1,1,1,A,4,19651,,81,130,,43,29,39,427,4/14 14:46,4/14 15:12,30,130,21131,21131,21131,05,2020-04-14T18:46:00Z,2020-04-14T19:12:00Z,"Please stop using the ""total"" field. Use ""totalTestResults"" instead.",3a7c804cd01d3eaad04b7b28774f955dd2129c69
AZ,3806,1,1,0,1,B,3,40290,,580,,286,,216,,249,4/14 00:00,4/14 15:23,131,,44096,44096,44096,04,2020-04-14T04:00:00Z,2020-04-14T19:23:00Z,"Please stop using the ""total"" field. Use ""totalTestResults"" instead.",095e72e11a4a87ffa7c0f77468bc4b449accb00d
CA,23338,1,1,0,1,B,3,192062,13200,5163,,1552,,,,,4/13 00:00,4/15 10:02,758,,228600,215400,215400,06,2020-04-13T04:00:00Z,2020-04-15T14:02:00Z,"Please stop using the ""total"" field. Use ""totalTestResults"" instead.",c61c68d40139917133b779b4ddec6de18b8794a6
CO,7941,1,1,1,1,A,4,31639,,,1556,,,,,,4/14 00:00,4/14 22:46,329,1556,39580,39580,39580,08,2020-04-14T04:00:00Z,2020-04-15T02:46:00Z,"Please stop using the ""total"" field. Use ""totalTestResults"" instead.",e19162e96225fb01cb86355d676d2c8f83a5b542
CT,13989,1,1,1,1,A,4,31852,,1779,,,,,,,4/14 16:00,4/15 09:40,671,,45841,45841,45841,09,2020-04-14T20:00:00Z,2020-04-15T13:40:00Z,"Please stop using the ""total"" field. Use ""totalTestResults"" instead.",cf5400e511595bc693b349621005bc5bb5ca4275
DC,2197,1,1,1,1,A,4,9460,,295,,95,,31,,530,4/14 00:00,4/15 10:08,72,,11657,11657,11657,11,2020-04-14T04:00:00Z,2020-04-15T14:08:00Z,"Please stop using the ""total"" field. Use ""totalTestResults"" instead.",4a79bfa4a95efeb45e93181b2a1923906dee9c21
DE,1926,1,1,1,1,A,4,10943,,217,,,,,,319,4/14 17:45,4/14 22:51,43,,12869,12869,12869,10,2020-04-14T21:45:00Z,2020-04-15T02:51:00Z,"Please stop using the ""total"" field. Use ""totalTestResults"" instead.",35f5d83a3bdbefc98822e6c2afb5c972e1d41b79
FL,21628,1,1,1,1,A,4,183694,1305,,3203,,,,,,4/14 16:59,4/14 23:36,585,3203,206627,205322,205322,12,2020-04-14T20:59:00Z,2020-04-15T03:36:00Z,"Please stop using the ""total"" field. Use ""totalTestResults"" instead.",b1e63e8f9ec9361c275f1c05a985f0682ef7c3e4
GA,14578,1,1,1,1,A,4,47572,,,2858,,,,,,4/14 18:28,4/14 23:14,524,2858,62150,62150,62150,13,2020-04-14T22:28:00Z,2020-04-15T03:14:00Z,"Please stop using the ""total"" field. Use ""totalTestResults"" instead.",4f8bfde709b1ed8f68e481f40f444724354a987a
HI,517,1,1,1,1,A,4,19286,,,45,,,,,333,4/14 18:00,4/14 23:21,9,45,19803,19803,19803,15,2020-04-14T22:00:00Z,2020-04-15T03:21:00Z,"Please stop using the ""total"" field. Use ""totalTestResults"" instead.",be9ff7b9de51311a0abb728b798748a0de0b6d44
IA,1899,1,1,1,1,A,4,17467,,163,,73,,41,,790,4/14 00:00,4/14 23:44,49,,19366,19366,19366,19,2020-04-14T04:00:00Z,2020-04-15T03:44:00Z,"Please stop using the ""total"" field. Use ""totalTestResults"" instead.",7a4d1ccf4a155b895cf608cb3b20659a101dc3fd
ID,1464,1,1,1,1,A,4,13934,,,141,,43,,,,4/14 19:00,4/14 23:31,39,141,15398,15398,15398,16,2020-04-14T23:00:00Z,2020-04-15T03:31:00Z,"Please stop using the ""total"" field. Use ""totalTestResults"" instead.",834de590994a59867528e5fe41b1c80237e5ad3a
IL,23247,1,1,1,1,A,4,87369,,4283,,1189,,796,,,4/14 00:00,4/14 16:46,868,,110616,110616,110616,17,2020-04-14T04:00:00Z,2020-04-14T20:46:00Z,"Please stop using the ""total"" field. Use ""totalTestResults"" instead.",2bb755e4cb10ac47320ac00df93d681d0ffafa67
IN,8527,1,1,1,0,B,3,37490,,,,721,,435,,,4/14 13:00,4/14 17:01,388,,46017,46017,46017,18,2020-04-14T17:00:00Z,2020-04-14T21:01:00Z,"Please stop using the ""total"" field. Use ""totalTestResults"" instead.",021cfe322950f8dc567e8e6c68b7606bbd5aec9d
KS,1426,1,1,1,0,B,3,12721,,,327,,,,,,4/14 12:00,4/14 14:21,69,327,14147,14147,14147,20,2020-04-14T16:00:00Z,2020-04-14T18:21:00Z,"Please stop using the ""total"" field. Use ""totalTestResults"" instead.",47f3a4a99eaee58d0f76c2dc733ee34dca301f90
KY,2210,1,1,1,1,A,4,25487,,305,687,137,263,,,653,4/14 17:00,4/14 22:45,115,687,27697,27697,27697,21,2020-04-14T21:00:00Z,2020-04-15T02:45:00Z,"Please stop using the ""total"" field. Use ""totalTestResults"" instead.",d6001278a315ef711a477e5014e5aae9c423c55c
LA,21518,1,1,1,1,A,4,96904,,1977,,,,436,,,4/13 13:00,4/14 14:43,1013,,118422,118422,118422,22,2020-04-13T17:00:00Z,2020-04-14T18:43:00Z,"Please stop using the ""total"" field. Use ""totalTestResults"" instead.",525873b97677665d2b95a552c54e895b1ab5e7ee
MA,28163,1,1,0,1,B,3,98388,,,2340,,,,,,4/14 10:00,4/14 16:05,957,2340,126551,126551,126551,25,2020-04-14T14:00:00Z,2020-04-14T20:05:00Z,"Please stop using the ""total"" field. Use ""totalTestResults"" instead.",251733a886138385bbd295cfd62afc76fa5df4e3
MD,10032,1,1,1,1,A,4,45731,,,2231,,,,,607,4/15 10:00,4/15 10:12,349,2231,55763,55763,55763,24,2020-04-15T14:00:00Z,2020-04-15T14:12:00Z,"Please stop using the ""total"" field. Use ""totalTestResults"" instead.",a2a9d87746c2da10725f6c93a9ca844d36c0fb42
ME,734,1,1,1,1,A,4,11608,,58,124,21,,9,,292,4/14 11:45,4/14 16:15,20,124,12342,12342,12342,23,2020-04-14T15:45:00Z,2020-04-14T20:15:00Z,"Please stop using the ""total"" field. Use ""totalTestResults"" instead.",2e8fb558f8306d7e8515d3379bd67506c8a4fbdf
MI,27001,1,1,0,1,B,3,59225,,3910,,1497,,1235,,452,4/14 11:00,4/14 15:40,1768,,86226,86226,86226,26,2020-04-14T15:00:00Z,2020-04-14T19:40:00Z,"Please stop using the ""total"" field. Use ""totalTestResults"" instead.",30fbe03df01713358b4c176c0b37461c954ab3e2
MN,1695,1,1,1,1,A,4,37546,,177,405,75,155,,,909,4/13 17:00,4/14 23:25,79,405,39241,39241,39241,27,2020-04-13T21:00:00Z,2020-04-15T03:25:00Z,"Please stop using the ""total"" field. Use ""totalTestResults"" instead.",1d7e755aeb20776ad333b837483c328708de5ed7
MO,4686,1,1,1,1,A,4,44117,,1041,,,,,,,4/14 15:00,4/14 22:12,133,,48803,48803,48803,29,2020-04-14T19:00:00Z,2020-04-15T02:12:00Z,"Please stop using the ""total"" field. Use ""totalTestResults"" instead.",8bb430dfe299f1bddc0556398e39f1fc222a9b80
MS,3087,1,1,1,1,A,4,34791,,,596,154,,99,,,4/13 19:00,4/14 22:52,111,596,37878,37878,37878,28,2020-04-13T23:00:00Z,2020-04-15T02:52:00Z,"Please stop using the ""total"" field. Use ""totalTestResults"" instead.",e2b174cfea69543aeedeb34fdeb1bdfea147139a
MT,399,1,1,1,1,A,4,8835,,24,50,,,,,197,4/14 11:56,4/14 15:50,7,50,9234,9234,9234,30,2020-04-14T15:56:00Z,2020-04-14T19:50:00Z,"Please stop using the ""total"" field. Use ""totalTestResults"" instead.",ec0af7a278a66f70048cd302ba3a7ea48c804a3f
NC,5024,1,1,1,1,A,4,60015,,418,,,,,,,4/14 11:00,4/14 14:57,108,,65039,65039,65039,37,2020-04-14T15:00:00Z,2020-04-14T18:57:00Z,"Please stop using the ""total"" field. Use ""totalTestResults"" instead.",585ce351940a59410125882d4b3b7f786b2b766a
ND,341,1,1,1,0,B,3,10575,,13,42,,,,,138,4/14 13:00,4/14 14:59,9,42,10916,10916,10916,38,2020-04-14T17:00:00Z,2020-04-14T18:59:00Z,"Please stop using the ""total"" field. Use ""totalTestResults"" instead.",8e60d8443ab9b57c7c006cf6d45663e0940b6311
NE,901,1,1,1,1,A,4,10828,,,,,,,,,4/14 19:45,4/14 22:46,20,,11729,11729,11729,31,2020-04-14T23:45:00Z,2020-04-15T02:46:00Z,"Please stop using the ""total"" field. Use ""totalTestResults"" instead.",e642673769fc54db318119e30a5301070bc445bd
NH,1091,1,1,1,0,B,3,10756,73,63,163,,,,,329,4/14 09:00,4/14 22:26,27,163,11920,11847,11847,33,2020-04-14T13:00:00Z,2020-04-15T02:26:00Z,"Please stop using the ""total"" field. Use ""totalTestResults"" instead.",ae88c10a16dbf91df5e4da88233eecc9f652ec16
NJ,68824,1,1,1,1,A,4,70950,,8185,,2051,,1626,,,4/14 13:00,4/14 15:06,2805,,139774,139774,139774,34,2020-04-14T17:00:00Z,2020-04-14T19:06:00Z,"Please stop using the ""total"" field. Use ""totalTestResults"" instead.",99f6b36f11d4506059f89ba807e2682e0e516b44
NM,1407,1,1,1,1,A,4,31443,,87,181,,,,,340,4/14 20:56,4/14 23:20,36,181,32850,32850,32850,35,2020-04-15T00:56:00Z,2020-04-15T03:20:00Z,"Please stop using the ""total"" field. Use ""totalTestResults"" instead.",7a87485c60cfdb71083be562a16881a3d3369a10
NV,3088,1,1,1,1,A,4,23573,,,,,,,,,4/14 18:00,4/15 08:13,130,,26661,26661,26661,32,2020-04-14T22:00:00Z,2020-04-15T12:13:00Z,"Please stop using the ""total"" field. Use ""totalTestResults"" instead.",4f4511ba7aa61c90bbb07a126eab578edc8ac4ed
NY,202208,1,1,1,1,A,4,296935,,18697,46201,5225,,,,23887,4/14 00:00,4/14 17:31,10834,46201,499143,499143,499143,36,2020-04-14T04:00:00Z,2020-04-14T21:31:00Z,"Please stop using the ""total"" field. Use ""totalTestResults"" instead.",070b08b47e03562a49cc5cf83ce0ec87ae819283
OH,7153,1,1,0,1,B,3,60721,,,2156,,654,,,,4/14 14:00,4/14 16:21,324,2156,67874,67874,67874,39,2020-04-14T18:00:00Z,2020-04-14T20:21:00Z,"Please stop using the ""total"" field. Use ""totalTestResults"" instead.",eec5c5a290a1adfe2762be37bc90f97ab0f4e65f
OK,2184,1,1,0,1,B,3,26085,,194,488,107,,,,1060,4/14 08:00,4/14 16:52,108,488,28269,28269,28269,40,2020-04-14T12:00:00Z,2020-04-14T20:52:00Z,"Please stop using the ""total"" field. Use ""totalTestResults"" instead.",0366a8c9ce487cb03c31a158ae6cd33fbf935cb8
OR,1633,1,1,1,1,A,4,30730,,311,381,88,,44,,,4/14 11:00,4/14 16:25,55,381,32363,32363,32363,41,2020-04-14T15:00:00Z,2020-04-14T20:25:00Z,"Please stop using the ""total"" field. Use ""totalTestResults"" instead.",62058960ce916dc0e24cb13a8602be1ef2ad61d9
PA,25345,1,1,1,1,A,4,108286,,2317,,,,675,,,4/14 12:00,4/14 16:29,584,,133631,133631,133631,42,2020-04-14T16:00:00Z,2020-04-14T20:29:00Z,"Please stop using the ""total"" field. Use ""totalTestResults"" instead.",2049d8874cc760cbd882f24ec1dbeddfb6b8a1e8
RI,3251,1,1,1,0,B,3,20675,,213,331,49,,,,135,4/14 00:00,4/14 22:29,80,331,23926,23926,23926,44,2020-04-14T04:00:00Z,2020-04-15T02:29:00Z,"Please stop using the ""total"" field. Use ""totalTestResults"" instead.",7045290154b0f9252b450633adef78f996857e75
SC,3553,1,1,1,0,B,3,30319,,,675,,,,,,4/14 15:55,4/14 16:29,97,675,33872,33872,33872,45,2020-04-14T19:55:00Z,2020-04-14T20:29:00Z,"Please stop using the ""total"" field. Use ""totalTestResults"" instead.",a6761a3af81b19e7c959d39256ffa23f6eb80bbc
SD,988,1,1,1,1,A,4,8308,0,,45,,,,,261,4/13 18:00,4/14 22:50,6,45,9296,9296,9296,46,2020-04-13T22:00:00Z,2020-04-15T02:50:00Z,"Please stop using the ""total"" field. Use ""totalTestResults"" instead.",92b5b9a45c11d2bd99fe8afab4ec721b9e6c20a6
TN,5823,1,1,1,1,A,4,73008,,,633,,,,,1969,4/14 15:00,4/14 17:06,124,633,78831,78831,78831,47,2020-04-14T19:00:00Z,2020-04-14T21:06:00Z,"Please stop using the ""total"" field. Use ""totalTestResults"" instead.",0b9f2bbf8bd0d9ff94471e834e6e4dbba67d0eeb
TX,14624,1,1,1,1,A,4,131843,,1409,,,,,,2580,4/14 12:45,4/14 14:05,318,,146467,146467,146467,48,2020-04-14T16:45:00Z,2020-04-14T18:05:00Z,"Please stop using the ""total"" field. Use ""totalTestResults"" instead.",3f1b422beb3274b80333d4207cef4f581fb6000f
UT,2412,1,1,1,1,A,4,44064,,,213,,,,,218,4/14 15:00,4/14 15:16,19,213,46476,46476,46476,49,2020-04-14T19:00:00Z,2020-04-14T19:16:00Z,"Please stop using the ""total"" field. Use ""totalTestResults"" instead.",038697ecad82b106febb07e51707213e3f093ce9
VA,6500,1,1,1,1,A,4,37669,496,1298,1048,394,,234,,752,4/15 00:00,4/15 09:55,195,1048,44665,44169,44169,51,2020-04-15T04:00:00Z,2020-04-15T13:55:00Z,"Please stop using the ""total"" field. Use ""totalTestResults"" instead.",2e75561a85b4aa6bdf712d54c182f90a7d143c08
VT,752,1,1,1,1,A,4,9833,,64,,,,,,15,4/13 23:59,4/14 16:14,29,,10585,10585,10585,50,2020-04-14T03:59:00Z,2020-04-14T20:14:00Z,"Please stop using the ""total"" field. Use ""totalTestResults"" instead.",f0dfd3bae25406e85095074979729a66d6489bc7
WA,10694,0,1,0,1,C,2,112160,,645,,194,,,,,4/14 02:59,4/14 23:42,541,,122854,122854,122854,53,2020-04-14T06:59:00Z,2020-04-15T03:42:00Z,"Please stop using the ""total"" field. Use ""totalTestResults"" instead.",22afc13f051e7591152ff3e42c6fe0a094ca4ac2
WI,3555,1,1,1,1,A,4,37997,277,432,1049,161,283,,,,4/14 16:00,4/14 15:10,170,1049,41829,41552,41552,55,2020-04-14T20:00:00Z,2020-04-14T19:10:00Z,"Please stop using the ""total"" field. Use ""totalTestResults"" instead.",461966a2aeadcbd9d69377afd95bdd8c4666a82c
WV,694,1,1,1,0,B,3,16530,,87,164,38,73,25,50,147,4/14 17:00,4/15 08:47,10,164,17224,17224,17224,54,2020-04-14T21:00:00Z,2020-04-15T12:47:00Z,"Please stop using the ""total"" field. Use ""totalTestResults"" instead.",b12b40aefe13376c1ec6166301594e92e5c6be45
WY,282,1,1,1,1,A,4,5848,,,43,,,,,129,4/14 16:05,4/14 23:17,1,43,6130,6130,6130,56,2020-04-14T20:05:00Z,2020-04-15T03:17:00Z,"Please stop using the ""total"" field. Use ""totalTestResults"" instead.",90dbb33583bd8ba89c18493070335113d6a06145
PR,974,1,1,1,1,A,4,6825,1410,,,,,,,,4/15 07:00,4/15 09:09,51,,9209,7799,7799,72,2020-04-15T11:00:00Z,2020-04-15T13:09:00Z,"Please stop using the ""total"" field. Use ""totalTestResults"" instead.",22e685d9baa64617cc0a48b1626ffaca9251b3ba
AS,0,,,,,,,3,17,,,,,,,,4/06 00:00,4/14 16:30,,,20,3,3,60,2020-04-06T04:00:00Z,2020-04-14T20:30:00Z,"Please stop using the ""total"" field. Use ""totalTestResults"" instead.",ed7d329480ce660eebe68d0e1e1841de62ae8bdc
GU,135,,,,,,,843,,9,,2,,2,,73,4/14 08:15,4/15 08:28,5,,978,978,978,66,2020-04-14T12:15:00Z,2020-04-15T12:28:00Z,"Please stop using the ""total"" field. Use ""totalTestResults"" instead.",7d8c488c6e90240786376759e6c5c37b91f2148b
MP,13,,,,,,,27,7,,,,,,,,4/14 00:00,4/14 22:17,2,,47,40,40,69,2020-04-14T04:00:00Z,2020-04-15T02:17:00Z,"Please stop using the ""total"" field. Use ""totalTestResults"" instead.",47e9fd6bb474fcb3700e17e29f65f930b81a345c
VI,51,,,,,,,331,35,,,,,,,44,4/14 17:30,4/15 00:03,1,,417,382,382,78,2020-04-14T21:30:00Z,2020-04-15T04:03:00Z,"Please stop using the ""total"" field. Use ""totalTestResults"" instead.",3dfcf564212c99472cd7b14045176d6f8fe1dd29